Timestamp,User Count,Type,Name,Requests/s,Failures/s,50%,66%,75%,80%,90%,95%,98%,99%,99.9%,99.99%,100%,Total Request Count,Total Failure Count,Total Median Response Time,Total Average Response Time,Total Min Response Time,Total Max Response Time,Total Average Content Size
1790527099,0,,Aggregated,0.000000,0.000000,N/A,N/A,N/A,N/A,N/A,N/A,N/A,N/A,N/A,N/A,N/A,0,0,0,0.0,0,0,0
1790527100,36,,Aggregated,0.000000,0.000000,N/A,N/A,N/A,N/A,N/A,N/A,N/A,N/A,N/A,N/A,N/A,0,0,0,0.0,0,0,0
1790527101,50,,Aggregated,0.000000,0.000000,N/A,N/A,N/A,N/A,N/A,N/A,N/A,N/A,N/A,N/A,N/A,0,0,0,0.0,0,0,0
1790527102,50,,Aggregated,0.000000,0.000000,2800,2800,2800,2800,2800,2800,2800,2800,2800,2800,2800,4,0,2800,2799.3873565005742,2771.6070450005645,2822.0308870004374,1596.75
1790527103,50,,Aggregated,0.000000,0.000000,2800,2800,2800,2800,2800,2800,2800,2800,2800,2800,2800,17,0,2800,2806.2664658234153,2771.6070450005645,2822.0308870004374,1596.1176470588234
1790527104,50,,Aggregated,0.000000,0.000000,2800,2800,2800,2800,2800,2800,2800,2800,2800,2800,2800,17,0,2800,2806.2664658234153,2771.6070450005645,2822.0308870004374,1596.1176470588234
1790527105,50,,Aggregated,3.250000,0.000000,2800,2800,4600,4600,4600,4600,4700,4700,4700,4700,4700,25,0,2800,3391.182664959997,2771.6070450005645,4653.916068000399,1596.24
1790527106,50,,Aggregated,3.250000,0.000000,4600,4600,4600,4600,4600,4600,4700,4700,4700,4700,4700,34,0,2800,3720.9775900882423,2771.6070450005645,4653.916068000399,1596.3529411764705
1790527107,50,,Aggregated,3.250000,0.000000,4600,4600,4600,4600,4600,4600,4700,4700,4700,4700,4700,34,0,2800,3720.9775900882423,2771.6070450005645,4653.916068000399,1596.3529411764705
1790527108,50,,Aggregated,4.857143,0.000000,4600,4600,6500,6500,6500,6500,6500,6500,6500,6500,6500,47,0,4600,4479.804628042521,2771.6070450005645,6485.383953000564,1596.3617021276596
1790527109,50,,Aggregated,4.857143,0.000000,4600,4700,6500,6500,6500,6500,6500,6500,6500,6500,6500,51,0,4600,4634.494288784303,2771.6070450005645,6485.383953000564,1596.3921568627452
1790527110,50,,Aggregated,4.857143,0.000000,4600,4700,6500,6500,6500,6500,6500,6500,6500,6500,6500,51,0,4600,4634.494288784303,2771.6070450005645,6485.383953000564,1596.3921568627452
1790527111,50,,Aggregated,5.100000,0.000000,6400,6500,6500,8200,8300,8300,8300,8300,8300,8300,8300,68,0,4700,5511.970638882382,2771.6070450005645,8284.328080000705,1596.4264705882354
1790527112,50,,Aggregated,5.100000,0.000000,6400,6500,6500,8200,8300,8300,8300,8300,8300,8300,8300,68,0,4700,5511.970638882382,2771.6070450005645,8284.328080000705,1596.4264705882354
1790527113,50,,Aggregated,5.900000,0.000000,6400,6500,8200,8200,8300,8300,8300,8300,8300,8300,8300,71,0,6400,5628.1268420281995,2771.6070450005645,8284.328080000705,1596.4366197183099
1790527114,50,,Aggregated,6.800000,0.000000,6500,8200,8200,8300,8300,8300,8300,8300,8300,8300,8300,85,0,6500,6038.749580035307,2771.6070450005645,8284.328080000705,1596.4470588235295
1790527115,50,,Aggregated,6.800000,0.000000,6500,8200,8200,8300,8300,8300,8300,8300,8300,8300,8300,85,0,6500,6038.749580035307,2771.6070450005645,8284.328080000705,1596.4470588235295
1790527116,50,,Aggregated,6.300000,0.000000,6500,8200,8300,8300,8300,8300,8300,8300,8300,8300,8300,92,0,6500,6207.509390489159,2771.6070450005645,8284.745485998428,1596.4239130434783
1790527117,50,,Aggregated,6.800000,0.000000,6500,8200,8300,8300,8300,8300,8300,8300,8300,8300,8300,102,0,6500,6389.891459431374,2771.6070450005645,8284.745485998428,1596.3725490196077
1790527118,50,,Aggregated,6.800000,0.000000,6500,8200,8300,8300,8300,8300,8300,8300,8300,8300,8300,102,0,6500,6389.891459431374,2771.6070450005645,8284.745485998428,1596.3725490196077
1790527119,50,,Aggregated,6.700000,0.000000,8200,8300,8300,8300,8300,8300,8300,8300,8300,8300,8300,114,0,8200,6586.302396026357,2771.6070450005645,8285.27443800158,1596.3684210526317
1790527120,50,,Aggregated,6.700000,0.000000,8200,8300,8300,8300,8300,8300,8300,8300,8300,8300,8300,119,0,8200,6640.734048840368,2771.6070450005645,8285.27443800158,1596.3529411764705
1790527121,50,,Aggregated,6.700000,0.000000,8200,8300,8300,8300,8300,8300,8300,8300,8300,8300,8300,119,0,8200,6640.734048840368,2771.6070450005645,8285.27443800158,1596.3529411764705
1790527122,50,,Aggregated,6.800000,0.000000,8200,8300,8300,8300,8300,8300,8300,8300,8300,8300,8300,135,0,8200,6832.063757881525,2771.6070450005645,8287.578474999464,1596.3407407407408
1790527123,50,,Aggregated,6.800000,0.000000,8200,8300,8300,8300,8300,8300,8300,8300,8300,8300,8300,136,0,8200,6828.8684976250515,2771.6070450005645,8287.578474999464,1596.3455882352941
1790527124,50,,Aggregated,5.700000,0.000000,8200,8300,8300,8300,8300,8300,8300,8300,8300,8300,8300,139,0,8200,6859.867344755438,2771.6070450005645,8287.6966169988,1596.3381294964029
1790527125,50,,Aggregated,6.800000,0.000000,8200,8300,8300,8300,8300,8300,8300,8300,8300,8300,8300,153,0,8200,6975.262852052356,2771.6070450005645,8287.6966169988,1596.3333333333333
1790527126,50,,Aggregated,6.800000,0.000000,8200,8300,8300,8300,8300,8300,8300,8300,8300,8300,8300,153,0,8200,6975.262852052356,2771.6070450005645,8287.6966169988,1596.3333333333333
1790527127,50,,Aggregated,6.100000,0.000000,8200,8300,8300,8300,8300,8300,8300,8300,8300,8300,8300,159,0,8200,7023.617600452913,2771.6070450005645,8287.6966169988,1596.3333333333333
1790527128,50,,Aggregated,6.800000,0.000000,8300,8300,8300,8300,8300,8300,8300,8300,8300,8300,8300,170,0,8287.6966169988,7092.324225829473,2771.6070450005645,8287.6966169988,1596.3411764705882
1790527129,50,,Aggregated,6.800000,0.000000,8300,8300,8300,8300,8300,8300,8300,8300,8300,8300,8300,170,0,8287.6966169988,7092.324225829473,2771.6070450005645,8287.6966169988,1596.3411764705882
1790527130,50,,Aggregated,6.600000,0.000000,8300,8300,8300,8300,8300,8300,8300,8300,8300,8300,8300,180,0,8287.6966169988,7156.945862533398,2771.6070450005645,8287.6966169988,1596.35
1790527131,50,,Aggregated,6.600000,0.000000,8300,8300,8300,8300,8300,8300,8300,8300,8300,8300,8300,187,0,8287.6966169988,7188.004326422532,2771.6070450005645,8287.6966169988,1596.3689839572191
1790527132,50,,Aggregated,6.600000,0.000000,8300,8300,8300,8300,8300,8300,8300,8300,8300,8300,8300,187,0,8287.6966169988,7188.004326422532,2771.6070450005645,8287.6966169988,1596.3689839572191
1790527133,50,,Aggregated,6.800000,0.000000,8300,8300,8300,8300,8300,8300,8300,8300,8300,8300,8300,202,0,8287.6966169988,7267.143077693143,2771.6070450005645,8287.6966169988,1596.3564356435643
1790527134,50,,Aggregated,6.800000,0.000000,8300,8300,8300,8300,8300,8300,8300,8300,8300,8300,8300,204,0,8287.6966169988,7267.710550274586,2771.6070450005645,8287.6966169988,1596.3578431372548
1790527135,50,,Aggregated,6.800000,0.000000,8300,8300,8300,8300,8300,8300,8300,8300,8300,8300,8300,204,0,8287.6966169988,7267.710550274586,2771.6070450005645,8287.6966169988,1596.3578431372548
1790527136,50,,Aggregated,6.800000,0.000000,8300,8300,8300,8300,8300,8300,8300,8300,8300,8300,8300,221,0,8289.673864999713,7335.206501339428,2771.6070450005645,8289.673864999713,1596.3800904977375
1790527137,50,,Aggregated,6.800000,0.000000,8300,8300,8300,8300,8300,8300,8300,8300,8300,8300,8300,221,0,8289.673864999713,7335.206501339428,2771.6070450005645,8289.673864999713,1596.3800904977375
1790527138,50,,Aggregated,6.000000,0.000000,8300,8300,8300,8300,8300,8300,8300,8300,8300,8300,8300,226,0,8293.176117998883,7355.655132146076,2771.6070450005645,8293.176117998883,1596.3628318584072
1790527139,50,,Aggregated,6.800000,0.000000,8300,8300,8300,8300,8300,8300,8300,8300,8300,8300,8300,238,0,8293.176117998883,7393.106339806768,2771.6070450005645,8293.176117998883,1596.3655462184875
1790527140,50,,Aggregated,6.800000,0.000000,8300,8300,8300,8300,8300,8300,8300,8300,8300,8300,8300,238,0,8293.176117998883,7393.106339806768,2771.6070450005645,8293.176117998883,1596.3655462184875
1790527141,50,,Aggregated,6.400000,0.000000,8300,8300,8300,8300,8300,8300,8300,8300,8300,8300,8300,247,0,8293.176117998883,7424.606863194374,2771.6070450005645,8293.176117998883,1596.3684210526317
1790527142,50,,Aggregated,6.400000,0.000000,8300,8300,8300,8300,8300,8300,8300,8300,8300,8300,8300,255,0,8293.176117998883,7443.291500933385,2771.6070450005645,8293.176117998883,1596.3725490196077
1790527143,50,,Aggregated,6.400000,0.000000,8300,8300,8300,8300,8300,8300,8300,8300,8300,8300,8300,255,0,8293.176117998883,7443.291500933385,2771.6070450005645,8293.176117998883,1596.3725490196077
1790527144,50,,Aggregated,6.800000,0.000000,8300,8300,8300,8300,8300,8300,8300,8300,8300,8300,8300,269,0,8293.176117998883,7485.639768628287,2771.6070450005645,8293.176117998883,1596.3531598513011
1790527145,50,,Aggregated,6.800000,0.000000,8300,8300,8300,8300,8300,8300,8300,8300,8300,8300,8300,272,0,8293.176117998883,7487.22703381989,2771.6070450005645,8293.176117998883,1596.3492647058824
1790527146,50,,Aggregated,6.800000,0.000000,8300,8300,8300,8300,8300,8300,8300,8300,8300,8300,8300,272,0,8293.176117998883,7487.22703381989,2771.6070450005645,8293.176117998883,1596.3492647058824
1790527147,50,,Aggregated,6.800000,0.000000,8300,8300,8300,8300,8300,8300,8300,8300,8300,8300,8300,289,0,8293.41141400073,7525.96637832876,2771.6070450005645,8293.41141400073,1596.356401384083
1790527148,50,,Aggregated,6.800000,0.000000,8300,8300,8300,8300,8300,8300,8300,8300,8300,8300,8300,289,0,8293.41141400073,7525.96637832876,2771.6070450005645,8293.41141400073,1596.356401384083
1790527149,50,,Aggregated,5.900000,0.000000,8300,8300,8300,8300,8300,8300,8300,8300,8300,8300,8300,293,0,8295.292212000277,7536.049396116076,2771.6070450005645,8295.292212000277,1596.3549488054607
1790527150,50,,Aggregated,6.800000,0.000000,8300,8300,8300,8300,8300,8300,8300,8300,8300,8300,8300,306,0,8295.292212000277,7560.371344215709,2771.6070450005645,8295.292212000277,1596.3529411764705
1790527151,50,,Aggregated,6.800000,0.000000,8300,8300,8300,8300,8300,8300,8300,8300,8300,8300,8300,306,0,8295.292212000277,7560.371344215709,2771.6070450005645,8295.292212000277,1596.3529411764705
1790527152,50,,Aggregated,6.300000,0.000000,8300,8300,8300,8300,8300,8300,8300,8300,8300,8300,8300,314,0,8298.048892000224,7578.1355619618025,2771.6070450005645,8298.048892000224,1596.3535031847134
1790527153,50,,Aggregated,6.800000,0.000000,8300,8300,8300,8300,8300,8300,8300,8300,8300,8300,8300,323,0,8298.048892000224,7591.135034492281,2771.6070450005645,8298.048892000224,1596.3467492260063
1790527154,50,,Aggregated,6.800000,0.000000,8300,8300,8300,8300,8300,8300,8300,8300,8300,8300,8300,323,0,8298.048892000224,7591.135034492281,2771.6070450005645,8298.048892000224,1596.3467492260063
