timestamp,completed,e2e_pipeline_ms,stage1_ms,stage2_ms,stage3_ms,stage4_ms
1790525746.4772813,True,2769.72,0.001,50.464,2719.211,0.002
1790525747.0646243,True,2805.801,0.001,50.327,2755.436,0.002
1790525747.5803924,True,2768.824,0.001,50.588,2718.184,0.003
1790525748.1689641,True,2802.524,0.001,50.582,2751.896,0.001
1790525748.7286627,True,2808.313,0.001,50.359,2757.906,0.001
1790525749.2499025,True,2768.586,0.001,50.64,2717.898,0.002
1790525749.8376064,True,2768.469,0.001,50.715,2717.701,0.002
1790525750.3526492,True,2768.325,0.001,50.588,2717.687,0.002
1790525750.940788,True,2768.134,0.001,50.34,2717.749,0.002
1790525751.5376246,True,2804.702,0.001,50.576,2754.077,0.002
1790525752.030013,True,2774.062,0.001,55.723,2718.298,0.003
1790525752.6092541,True,2767.896,0.001,50.675,2717.175,0.002
1790525753.124476,True,2767.954,0.001,50.715,2717.188,0.003
1790525753.7135053,True,2768.803,0.001,50.596,2718.16,0.002
1790525754.316421,True,2775.287,0.001,50.524,2724.719,0.002
1790525754.8024445,True,2768.407,0.001,50.565,2717.797,0.002
1790525755.3827572,True,2769.5,0.001,50.552,2718.899,0.002
1790525755.8996737,True,2771.185,0.001,50.695,2720.419,0.002
1790525756.4867098,True,2768.883,0.001,50.593,2718.246,0.002
1790525757.0899549,True,2769.584,0.001,50.575,2718.961,0.003
1790525757.6128066,True,2804.469,0.001,50.553,2753.868,0.001
1790525758.157332,True,2770.229,0.001,50.76,2719.419,0.002
1790525758.673802,True,2770.339,0.001,50.867,2719.422,0.003
1790525759.2589548,True,2768.259,0.001,50.55,2717.664,0.002
1790525759.862622,True,2768.691,0.001,50.788,2717.847,0.002
1790525760.420372,True,2803.554,0.001,50.536,2752.975,0.001
1790525760.9296193,True,2768.203,0.001,50.551,2717.599,0.002
1790525761.4472437,True,2769.111,0.001,50.575,2718.493,0.002
1790525762.031885,True,2768.859,0.001,51.945,2716.885,0.002
1790525762.6359317,True,2769.117,0.001,50.552,2718.519,0.002
1790525763.1924684,True,2767.962,0.001,50.405,2717.521,0.002
1790525763.7010546,True,2767.466,0.001,50.551,2716.869,0.002
1790525764.2211876,True,2768.688,0.001,50.616,2718.021,0.002
1790525764.805137,True,2769.407,0.001,50.649,2718.714,0.002
1790525765.4092786,True,2769.285,0.001,50.581,2718.654,0.002
1790525765.9641595,True,2767.811,0.001,50.571,2717.195,0.002
1790525766.4736495,True,2768.011,0.001,50.563,2717.401,0.002
1790525766.9930859,True,2768.222,0.001,50.499,2717.677,0.002
1790525767.577583,True,2768.867,0.001,50.728,2718.09,0.002
1790525768.1820962,True,2768.97,0.001,50.572,2718.35,0.003
1790525768.7372942,True,2768.58,0.001,50.585,2717.946,0.002
1790525769.2462063,True,2768.704,0.001,50.574,2718.081,0.002
1790525769.7652566,True,2767.996,0.001,50.428,2717.526,0.003
1790525770.3496165,True,2768.092,0.001,50.57,2717.475,0.002
1790525770.9541519,True,2768.002,0.001,50.852,2717.101,0.002
1790525771.5095477,True,2768.146,0.001,50.393,2717.705,0.002
1790525772.019958,True,2769.515,0.001,50.815,2718.647,0.002
1790525772.537491,True,2767.867,0.001,50.52,2717.301,0.002
1790525773.1206656,True,2767.017,0.001,50.628,2716.347,0.002
1790525773.7276073,True,2768.613,0.001,50.562,2718.002,0.002
1790525774.2798684,True,2766.899,0.001,50.342,2716.523,0.002
1790525774.7928507,True,2768.412,0.001,50.496,2717.869,0.002
1790525775.315155,True,2774.068,0.001,50.533,2723.489,0.002
1790525775.8926473,True,2768.494,0.001,50.547,2717.902,0.002
1790525776.5000448,True,2768.564,0.001,50.634,2717.884,0.002
1790525777.0510924,True,2767.628,0.001,50.32,2717.264,0.002
1790525777.5645907,True,2768.091,0.001,50.577,2717.466,0.002
1790525778.1254933,True,2804.678,0.002,50.726,2753.903,0.001
1790525778.6655731,True,2769.167,0.001,50.574,2718.544,0.003
1790525779.2746885,True,2770.311,0.001,53.287,2716.985,0.002
1790525779.8228228,True,2767.838,0.001,50.576,2717.213,0.002
1790525780.3381448,True,2769.025,0.001,50.608,2718.368,0.002
1790525780.8977041,True,2768.869,0.001,50.673,2718.147,0.002
1790525781.4387658,True,2768.887,0.001,50.602,2718.229,0.003
1790525782.0478907,True,2768.846,0.001,50.577,2718.218,0.003
1790525782.595847,True,2768.864,0.001,50.588,2718.217,0.003
1790525783.111813,True,2769.343,0.001,50.619,2718.668,0.003
1790525783.669612,True,2767.554,0.001,50.529,2716.973,0.002
1790525784.212356,True,2769.077,0.001,50.728,2718.299,0.002
1790525784.818624,True,2767.243,0.001,50.902,2716.296,0.002
1790525785.369204,True,2769.085,0.001,50.577,2718.458,0.002
1790525785.8841522,True,2768.015,0.001,50.699,2717.267,0.002
1790525786.4422498,True,2767.896,0.001,50.735,2717.106,0.002
1790525786.9854293,True,2769.108,0.001,50.619,2718.44,0.002
1790525787.5907948,True,2768.003,0.001,50.569,2717.385,0.002
1790525788.1412659,True,2768.6,0.001,50.567,2717.986,0.002
1790525788.6571267,True,2768.891,0.001,50.588,2718.252,0.002
1790525789.2162535,True,2769.315,0.001,50.567,2718.701,0.002
1790525789.7570221,True,2768.041,0.001,50.679,2717.318,0.002
1790525790.362914,True,2768.1,0.001,50.663,2717.389,0.002
1790525790.9128735,True,2768.142,0.001,50.707,2717.388,0.002
1790525791.4293349,True,2767.761,0.001,50.486,2717.237,0.002
1790525791.9892151,True,2768.779,0.001,50.69,2718.039,0.002
1790525792.5291705,True,2767.7,0.001,50.386,2717.278,0.002
1790525793.1356802,True,2769.12,0.001,50.67,2718.406,0.002
1790525793.6856596,True,2768.271,0.001,50.346,2717.874,0.003
1790525794.2022984,True,2768.824,0.001,50.649,2718.126,0.002
1790525794.7617428,True,2768.555,0.001,50.557,2717.95,0.002
1790525795.3014662,True,2768.577,0.001,50.533,2717.995,0.002
1790525795.9073148,True,2767.896,0.001,50.696,2717.153,0.002
1790525796.4575245,True,2767.926,0.001,50.601,2717.274,0.002
1790525796.9733942,True,2767.83,0.001,50.553,2717.231,0.002
1790525797.534064,True,2768.014,0.001,50.502,2717.478,0.002
1790525798.0737987,True,2768.057,0.001,50.497,2717.518,0.002
1790525798.6798236,True,2768.075,0.001,50.45,2717.582,0.002
1790525799.2296605,True,2767.594,0.001,50.57,2716.974,0.003
1790525799.7449381,True,2768.326,0.001,50.659,2717.618,0.002
1790525800.3146296,True,2777.089,0.001,50.708,2726.327,0.002
1790525800.8473902,True,2769.762,0.001,50.716,2718.997,0.002
1790525801.452759,True,2768.873,0.001,50.889,2717.937,0.003
1790525802.0033805,True,2769.624,0.001,50.967,2718.606,0.002
1790525802.5172646,True,2768.324,0.001,50.551,2717.726,0.002
1790525803.0867324,True,2768.254,0.001,50.452,2717.753,0.003
