user,issued_ts,issued_mono,age_at_stop_s,completed_before
0,1790482694.721185,42738.326076,1.233701,21
1,1790482694.740969,42738.34586,1.213917,21
2,1790482694.776924,42738.381815,1.177962,21
3,1790482694.871065,42738.475956,1.083821,21
4,1790482694.861158,42738.466049,1.093728,21
5,1790482694.873381,42738.478272,1.081505,21
6,1790482694.886438,42738.491329,1.068448,21
7,1790482694.915517,42738.520407,1.039369,21
8,1790482694.945702,42738.550593,1.009184,21
9,1790482694.951245,42738.556136,1.003641,21
10,1790482694.991336,42738.596226,0.96355,21
11,1790482695.018642,42738.623533,0.936244,21
12,1790482695.053969,42738.65886,0.900917,21
13,1790482695.068512,42738.673403,0.886374,21
14,1790482695.112497,42738.717388,0.842389,21
15,1790482695.122857,42738.727748,0.832029,21
16,1790482695.153618,42738.758508,0.801269,21
17,1790482695.182117,42738.787008,0.772769,21
18,1790482695.221156,42738.826046,0.73373,21
19,1790482695.228734,42738.833625,0.726151,21
20,1790482695.269079,42738.87397,0.685807,21
21,1790482695.290795,42738.895685,0.664091,21
22,1790482695.328056,42738.932947,0.62683,21
23,1790482695.346886,42738.951777,0.608,21
24,1790482695.383952,42738.988843,0.570934,21
25,1790482695.421502,42739.026392,0.533384,21
26,1790482695.428544,42739.033435,0.526342,21
27,1790482695.470184,42739.075075,0.484702,21
28,1790482695.530084,42739.134974,0.424802,21
29,1790482695.593399,42739.19829,0.361487,21
30,1790482695.596773,42739.201664,0.358113,21
31,1790482695.60021,42739.205101,0.354676,21
32,1790482695.619803,42739.224694,0.335083,21
33,1790482695.63792,42739.242811,0.316965,21
34,1790482695.658939,42739.26383,0.295947,21
35,1790482695.694318,42739.299209,0.260568,21
36,1790482695.717846,42739.322737,0.23704,21
37,1790482695.726489,42739.33138,0.228397,21
38,1790482695.757439,42739.362329,0.197448,21
39,1790482695.798893,42739.403784,0.155993,21
40,1790482695.823254,42739.428145,0.131632,21
41,1790482695.859617,42739.464507,0.095269,21
42,1790482695.880372,42739.485262,0.074514,21
43,1790482695.919766,42739.524657,0.03512,21
44,1790482695.927472,42739.532363,0.027414,21
45,1790482693.171914,42736.776805,2.782972,20
46,1790482693.199768,42736.804659,2.755118,20
47,1790482693.237084,42736.841975,2.717802,20
48,1790482693.247857,42736.852748,2.707029,20
49,1790482693.288579,42736.893469,2.666307,20
50,1790482693.312959,42736.91785,2.641927,20
51,1790482693.345396,42736.950286,2.609491,20
52,1790482693.363791,42736.968682,2.591095,20
53,1790482693.401635,42737.006526,2.553251,20
54,1790482693.435659,42737.04055,2.519227,20
55,1790482693.531521,42737.136411,2.423365,20
56,1790482693.563109,42737.168,2.391777,20
57,1790482693.552777,42737.157668,2.402109,20
58,1790482693.564567,42737.169458,2.390319,20
59,1790482693.567397,42737.172288,2.387489,20
60,1790482693.675797,42737.280688,2.279089,20
61,1790482693.719351,42737.324242,2.235535,20
62,1790482693.74911,42737.354,2.205776,20
63,1790482693.728199,42737.33309,2.226687,20
64,1790482693.747348,42737.352238,2.207539,20
65,1790482693.750446,42737.355337,2.204439,20
66,1790482693.774712,42737.379603,2.180174,20
67,1790482693.77604,42737.380931,2.178846,20
68,1790482693.803863,42737.408753,2.151024,20
69,1790482693.841898,42737.446789,2.112988,20
70,1790482693.87827,42737.48316,2.076616,20
71,1790482693.894545,42737.499435,2.060342,20
72,1790482693.997942,42737.602833,1.956944,20
73,1790482694.008824,42737.613715,1.946061,20
74,1790482694.011796,42737.616687,1.94309,20
75,1790482694.013082,42737.617973,1.941804,20
76,1790482694.136989,42737.74188,1.817896,20
77,1790482694.097774,42737.702665,1.857112,20
78,1790482694.141663,42737.746554,1.813223,20
79,1790482694.148671,42737.753562,1.806214,20
80,1790482694.150038,42737.754929,1.804848,20
81,1790482694.17134,42737.776231,1.783546,20
82,1790482694.205419,42737.81031,1.749467,20
83,1790482694.24604,42737.850931,1.708846,20
84,1790482694.257772,42737.862663,1.697114,20
85,1790482694.281339,42737.886229,1.673547,20
86,1790482694.320103,42737.924994,1.634783,20
87,1790482694.34048,42737.945371,1.614406,20
88,1790482694.374583,42737.979474,1.580303,20
89,1790482694.409498,42738.014389,1.545388,20
90,1790482694.424536,42738.029427,1.53035,20
91,1790482694.448377,42738.053268,1.506509,20
92,1790482694.483377,42738.088268,1.471509,20
93,1790482694.501426,42738.106316,1.453461,20
94,1790482694.544772,42738.149663,1.410114,20
95,1790482694.584682,42738.189574,1.370203,20
96,1790482694.586269,42738.19116,1.368617,20
97,1790482694.61298,42738.217871,1.341906,20
98,1790482694.650731,42738.255621,1.304156,20
99,1790482694.684647,42738.289538,1.270239,20
