timestamp,mono,elapsed_s,wall_minus_mono_s,rss_mb,uss_mb,cpu_percent,n_procs
1790457821.127,17864.731657,0.0,1790439956.395108,56.46,42.68,0.0,1
1790457821.378,17864.98262,0.252,1790439956.395109,56.46,42.68,0.0,1
1790457821.63,17865.23457,0.503,1790439956.395109,56.46,42.68,0.0,1
1790457821.878,17865.482723,0.752,1790439956.395109,56.46,42.68,0.0,1
1790457822.129,17865.733532,1.002,1790439956.395109,56.46,42.68,0.0,1
1790457822.378,17865.983355,1.252,1790439956.395108,56.46,42.68,0.0,1
1790457822.628,17866.232697,1.502,1790439956.395109,56.46,42.68,0.0,1
1790457822.879,17866.483692,1.753,1790439956.395109,56.46,42.68,0.0,1
1790457823.127,17866.73206,2.001,1790439956.395109,56.46,42.68,0.0,1
1790457823.377,17866.982012,2.251,1790439956.395109,56.46,42.62,0.0,1
1790457823.628,17867.232659,2.502,1790439956.395109,56.46,42.62,0.0,1
1790457823.879,17867.483396,2.752,1790439956.395109,56.46,42.62,0.0,1
1790457824.129,17867.733661,3.003,1790439956.395109,56.46,42.62,0.0,1
1790457824.378,17867.982534,3.251,1790439956.395109,56.46,42.62,0.0,1
1790457824.629,17868.2339,3.503,1790439956.395109,56.46,42.62,0.0,1
1790457824.879,17868.483642,3.753,1790439956.395109,56.46,42.62,0.0,1
1790457825.128,17868.732677,4.002,1790439956.395109,56.46,42.62,0.0,1
1790457825.378,17868.98292,4.252,1790439956.395109,56.46,42.62,0.0,1
1790457825.629,17869.233395,4.502,1790439956.395109,56.46,42.62,0.0,1
1790457825.878,17869.483136,4.752,1790439956.395109,56.46,42.62,0.0,1
1790457826.128,17869.732535,5.001,1790439956.395108,56.46,42.62,0.0,1
1790457826.378,17869.982468,5.251,1790439956.395108,56.46,42.65,4.0,1
1790457826.63,17870.234413,5.503,1790439956.395109,56.46,42.65,0.0,1
1790457826.878,17870.482649,5.752,1790439956.395109,56.46,42.65,0.0,1
1790457827.128,17870.733106,6.002,1790439956.395109,56.46,42.65,0.0,1
1790457827.379,17870.983878,6.253,1790439956.395109,56.46,42.65,0.0,1
1790457827.629,17871.233618,6.503,1790439956.395108,56.46,42.65,0.0,1
1790457827.878,17871.482693,6.752,1790439956.395109,56.46,42.65,0.0,1
1790457828.128,17871.732933,7.002,1790439956.395109,56.46,42.65,0.0,1
1790457828.378,17871.982804,7.252,1790439956.395109,56.46,42.65,0.0,1
1790457828.629,17872.233424,7.502,1790439956.395108,56.46,42.65,0.0,1
1790457828.879,17872.483842,7.753,1790439956.395109,56.46,42.65,0.0,1
1790457829.128,17872.732805,8.002,1790439956.395109,56.46,42.65,4.0,1
1790457829.38,17872.984766,8.254,1790439956.395109,56.46,42.65,0.0,1
1790457829.628,17873.232721,8.502,1790439956.395109,56.46,42.65,0.0,1
1790457829.878,17873.482445,8.751,1790439956.395109,56.46,42.65,0.0,1
1790457830.129,17873.7335,9.002,1790439956.395109,56.46,42.65,0.0,1
1790457830.379,17873.983685,9.253,1790439956.395109,56.46,42.65,0.0,1
1790457830.628,17874.232859,9.502,1790439956.395108,56.46,42.65,0.0,1
1790457830.879,17874.483614,9.753,1790439956.395109,56.46,42.65,0.0,1
1790457831.128,17874.732879,10.002,1790439956.395108,56.46,42.65,0.0,1
1790457831.378,17874.982692,10.252,1790439956.395108,56.46,42.65,0.0,1
1790457831.629,17875.233897,10.503,1790439956.395109,56.46,42.65,0.0,1
1790457831.879,17875.483713,10.753,1790439956.395109,56.46,42.65,0.0,1
1790457832.128,17875.733014,11.002,1790439956.395109,56.46,42.65,0.0,1
1790457832.378,17875.982648,11.252,1790439956.395109,56.46,42.65,0.0,1
1790457832.628,17876.233206,11.502,1790439956.395109,56.46,42.65,0.0,1
1790457832.879,17876.483627,11.753,1790439956.395109,56.46,42.65,0.0,1
1790457833.129,17876.733848,12.003,1790439956.395108,56.46,42.65,0.0,1
1790457833.378,17876.98266,12.252,1790439956.395109,56.46,42.65,0.0,1
1790457833.627,17877.231979,12.501,1790439956.395109,56.46,42.65,0.0,1
1790457833.878,17877.483224,12.752,1790439956.395109,56.46,42.65,0.0,1
1790457834.128,17877.73263,13.002,1790439956.395109,56.46,42.65,0.0,1
1790457834.377,17877.982258,13.251,1790439956.395109,56.46,42.65,0.0,1
1790457834.628,17878.233126,13.502,1790439956.395108,56.46,42.65,0.0,1
1790457834.878,17878.482523,13.751,1790439956.395109,56.46,42.66,0.0,1
1790457835.128,17878.732775,14.002,1790439956.395109,56.46,42.66,0.0,1
1790457835.378,17878.983105,14.252,1790439956.395108,56.46,42.66,0.0,1
1790457835.629,17879.233793,14.503,1790439956.395109,56.46,42.66,0.0,1
1790457835.879,17879.483514,14.752,1790439956.395109,56.46,42.66,0.0,1
1790457836.129,17879.734121,15.003,1790439956.395109,56.46,42.66,0.0,1
1790457836.379,17879.98344,15.252,1790439956.395108,56.46,42.66,0.0,1
1790457836.63,17880.234977,15.504,1790439956.395109,56.46,42.66,0.0,1
1790457836.878,17880.48247,15.751,1790439956.395109,56.46,42.66,0.0,1
1790457837.128,17880.733061,16.002,1790439956.395109,56.46,42.66,0.0,1
1790457837.379,17880.984385,16.253,1790439956.395109,56.46,42.67,0.0,1
1790457837.629,17881.233644,16.503,1790439956.395109,56.46,42.68,4.0,1
1790457837.879,17881.483434,16.752,1790439956.395109,56.46,42.68,0.0,1
1790457838.128,17881.732552,17.001,1790439956.395108,56.46,42.68,0.0,1
1790457838.379,17881.983684,17.253,1790439956.395109,56.46,42.68,0.0,1
1790457838.629,17882.233657,17.503,1790439956.395108,56.46,42.68,0.0,1
1790457838.878,17882.482573,17.751,1790439956.395109,56.46,42.68,0.0,1
1790457839.129,17882.733479,18.002,1790439956.395108,56.46,42.68,0.0,1
1790457839.381,17882.985682,18.255,1790439956.395108,56.46,42.68,0.0,1
1790457839.628,17883.233085,18.502,1790439956.395109,56.46,42.68,0.0,1
1790457839.878,17883.482742,18.752,1790439956.395109,56.46,42.68,0.0,1
1790457840.128,17883.732964,19.002,1790439956.395109,56.46,42.69,4.0,1
1790457840.379,17883.983891,19.253,1790439956.395108,56.46,42.7,0.0,1
1790457840.628,17884.232709,19.502,1790439956.395109,56.46,42.7,0.0,1
1790457840.877,17884.482092,19.751,1790439956.395109,56.46,42.7,0.0,1
1790457841.128,17884.733361,20.002,1790439956.395109,56.46,42.7,0.0,1
1790457841.379,17884.983778,20.253,1790439956.395108,56.46,42.7,0.0,1
1790457841.628,17885.232607,20.502,1790439956.395109,56.46,42.7,0.0,1
1790457841.879,17885.484162,20.753,1790439956.395109,56.46,42.7,0.0,1
1790457842.129,17885.734291,21.003,1790439956.395109,56.46,42.7,0.0,1
1790457842.378,17885.982645,21.252,1790439956.395108,56.46,42.7,0.0,1
1790457842.628,17886.232953,21.502,1790439956.395109,56.46,42.7,0.0,1
1790457842.879,17886.483829,21.753,1790439956.395108,56.46,42.7,0.0,1
1790457843.129,17886.733916,22.003,1790439956.395108,56.46,42.71,0.0,1
1790457843.38,17886.98485,22.254,1790439956.395109,56.46,42.71,0.0,1
1790457843.628,17887.232555,22.501,1790439956.395109,56.46,42.71,0.0,1
1790457843.879,17887.483913,22.753,1790439956.395109,56.46,42.71,0.0,1
1790457844.129,17887.734114,23.003,1790439956.395109,56.46,42.71,0.0,1
1790457844.382,17887.987248,23.256,1790439956.395109,56.46,42.71,0.0,1
1790457844.628,17888.23281,23.502,1790439956.395109,56.46,42.71,0.0,1
1790457844.879,17888.483937,23.753,1790439956.395109,56.46,42.71,0.0,1
1790457845.128,17888.73281,24.002,1790439956.395109,56.46,42.71,0.0,1
1790457845.379,17888.983643,24.253,1790439956.395109,56.46,42.71,0.0,1
1790457845.629,17889.233759,24.503,1790439956.395109,56.46,42.71,0.0,1
1790457845.879,17889.483517,24.752,1790439956.395109,56.46,42.73,4.0,1
1790457846.128,17889.732597,25.002,1790439956.395109,56.46,42.73,0.0,1
1790457846.379,17889.983987,25.253,1790439956.395109,56.46,42.73,0.0,1
1790457846.629,17890.233781,25.503,1790439956.395109,56.46,42.73,0.0,1
1790457846.878,17890.48269,25.752,1790439956.395109,56.46,42.73,0.0,1
1790457847.128,17890.732856,26.002,1790439956.395109,56.46,42.73,0.0,1
1790457847.379,17890.983798,26.253,1790439956.395108,56.46,42.73,0.0,1
1790457847.629,17891.233497,26.502,1790439956.395108,56.46,42.73,0.0,1
1790457847.878,17891.48267,26.752,1790439956.395109,56.46,42.73,0.0,1
1790457848.129,17891.733797,27.003,1790439956.395109,56.46,42.73,0.0,1
1790457848.378,17891.983012,27.252,1790439956.395109,56.46,42.73,0.0,1
1790457848.628,17892.233168,27.502,1790439956.395109,56.58,42.75,4.0,1
1790457848.877,17892.482132,27.751,1790439956.395109,56.58,42.75,0.0,1
1790457849.129,17892.733846,28.003,1790439956.395109,56.58,42.75,0.0,1
1790457849.379,17892.983865,28.253,1790439956.395109,56.58,42.75,0.0,1
1790457849.629,17893.233818,28.503,1790439956.395109,56.58,42.75,0.0,1
1790457849.879,17893.483831,28.753,1790439956.395109,56.58,42.75,0.0,1
1790457850.128,17893.733305,29.002,1790439956.395109,56.58,42.75,0.0,1
1790457850.378,17893.983173,29.252,1790439956.395108,56.58,42.75,0.0,1
1790457850.628,17894.232947,29.502,1790439956.395109,56.58,42.75,0.0,1
1790457850.879,17894.483481,29.752,1790439956.395109,56.58,42.75,0.0,1
1790457851.129,17894.734368,30.003,1790439956.395108,56.58,42.75,0.0,1
1790457851.378,17894.982649,30.252,1790439956.395109,56.58,42.77,0.0,1
1790457851.629,17895.233844,30.503,1790439956.395109,56.58,42.77,0.0,1
1790457851.879,17895.4836,30.753,1790439956.395109,56.58,42.77,0.0,1
1790457852.129,17895.73381,31.003,1790439956.395108,56.58,42.77,0.0,1
1790457852.377,17895.982252,31.251,1790439956.395109,56.58,42.77,0.0,1
1790457852.629,17896.233634,31.503,1790439956.395109,56.58,42.77,0.0,1
1790457852.878,17896.482492,31.751,1790439956.395108,56.58,42.77,0.0,1
1790457853.127,17896.732248,32.001,1790439956.395109,56.58,42.77,0.0,1
1790457853.378,17896.982581,32.252,1790439956.395109,56.58,42.77,0.0,1
1790457853.629,17897.233518,32.502,1790439956.395109,56.58,42.77,0.0,1
1790457853.879,17897.48364,32.753,1790439956.395109,56.58,42.77,0.0,1
1790457854.128,17897.733336,33.002,1790439956.395109,56.58,42.78,4.0,1
1790457854.378,17897.982603,33.252,1790439956.395109,56.58,42.78,0.0,1
1790457854.628,17898.232842,33.502,1790439956.395109,56.58,42.78,0.0,1
1790457854.881,17898.485965,33.755,1790439956.395109,56.58,42.78,0.0,1
1790457855.128,17898.733186,34.002,1790439956.395109,56.58,42.78,0.0,1
1790457855.379,17898.983787,34.253,1790439956.395109,56.58,42.78,0.0,1
1790457855.628,17899.233197,34.502,1790439956.395109,56.58,42.78,0.0,1
1790457855.878,17899.48334,34.752,1790439956.395109,56.58,42.78,0.0,1
1790457856.128,17899.73307,35.002,1790439956.395108,56.58,42.78,0.0,1
1790457856.379,17899.983431,35.252,1790439956.395109,56.58,42.78,0.0,1
1790457856.629,17900.233452,35.502,1790439956.395109,56.58,42.78,0.0,1
1790457856.878,17900.483225,35.752,1790439956.395108,56.58,42.78,0.0,1
1790457857.127,17900.73197,36.001,1790439956.395109,56.58,42.78,0.0,1
1790457857.378,17900.983192,36.252,1790439956.395109,56.58,42.78,0.0,1
1790457857.628,17901.232649,36.502,1790439956.395109,56.58,42.78,0.0,1
1790457857.879,17901.483401,36.752,1790439956.395108,56.58,42.78,0.0,1
1790457858.128,17901.732713,37.002,1790439956.395108,56.58,42.78,0.0,1
1790457858.379,17901.983424,37.252,1790439956.395109,56.58,42.78,0.0,1
1790457858.628,17902.233095,37.502,1790439956.395109,56.58,42.78,0.0,1
1790457858.879,17902.483539,37.752,1790439956.395109,56.58,42.78,0.0,1
1790457859.128,17902.733267,38.002,1790439956.395109,56.58,42.78,0.0,1
1790457859.379,17902.983717,38.253,1790439956.395109,56.58,42.78,0.0,1
1790457859.628,17903.233124,38.502,1790439956.395109,56.58,42.78,4.0,1
1790457859.878,17903.482642,38.752,1790439956.395109,56.58,42.78,0.0,1
1790457860.129,17903.733625,39.003,1790439956.395109,56.58,42.78,0.0,1
1790457860.378,17903.982885,39.252,1790439956.395109,56.58,42.78,0.0,1
1790457860.629,17904.233431,39.502,1790439956.395109,56.58,42.78,0.0,1
1790457860.878,17904.483309,39.752,1790439956.395109,56.58,42.78,0.0,1
1790457861.128,17904.733194,40.002,1790439956.395109,56.58,42.78,0.0,1
1790457861.378,17904.982752,40.252,1790439956.395109,56.58,42.78,0.0,1
1790457861.628,17905.233208,40.502,1790439956.395109,56.58,42.78,0.0,1
1790457861.878,17905.482543,40.751,1790439956.395109,56.58,42.78,0.0,1
1790457862.129,17905.733647,41.003,1790439956.395109,56.58,42.78,0.0,1
1790457862.378,17905.982497,41.251,1790439956.395109,56.58,42.78,0.0,1
1790457862.63,17906.235351,41.504,1790439956.395109,56.58,42.78,0.0,1
1790457862.879,17906.483503,41.752,1790439956.395109,56.58,42.78,0.0,1
1790457863.129,17906.733559,42.002,1790439956.395109,56.58,42.78,0.0,1
1790457863.377,17906.982239,42.251,1790439956.395109,56.58,42.78,0.0,1
1790457863.63,17907.234484,42.503,1790439956.395109,56.58,42.78,0.0,1
1790457863.878,17907.482538,42.751,1790439956.395109,56.58,42.78,0.0,1
1790457864.129,17907.733452,43.002,1790439956.395108,56.58,42.78,0.0,1
1790457864.378,17907.983332,43.252,1790439956.395109,56.58,42.78,0.0,1
1790457864.629,17908.233545,43.502,1790439956.395109,56.58,42.78,0.0,1
1790457864.878,17908.482468,43.751,1790439956.395109,56.58,42.78,0.0,1
1790457865.129,17908.7334,44.002,1790439956.395109,56.58,42.78,4.0,1
1790457865.378,17908.983144,44.252,1790439956.395109,56.58,42.78,0.0,1
1790457865.628,17909.232802,44.502,1790439956.395109,56.58,42.78,0.0,1
1790457865.877,17909.48228,44.751,1790439956.395108,56.58,42.78,0.0,1
1790457866.129,17909.733483,45.002,1790439956.395109,56.58,42.78,0.0,1
1790457866.378,17909.983306,45.252,1790439956.395109,56.58,42.78,0.0,1
1790457866.628,17910.23339,45.502,1790439956.395109,56.58,42.78,0.0,1
1790457866.878,17910.482728,45.752,1790439956.395109,56.58,42.78,0.0,1
1790457867.129,17910.733517,46.002,1790439956.395109,56.58,42.78,0.0,1
1790457867.379,17910.983456,46.252,1790439956.395109,56.58,42.78,0.0,1
1790457867.628,17911.232558,46.501,1790439956.395109,56.58,42.78,0.0,1
1790457867.878,17911.4824,46.751,1790439956.395109,56.58,42.79,0.0,1
1790457868.129,17911.733856,47.003,1790439956.395109,56.58,42.79,0.0,1
1790457868.378,17911.98334,47.252,1790439956.395109,56.58,42.79,0.0,1
1790457868.628,17912.232782,47.502,1790439956.395109,56.58,42.79,0.0,1
1790457868.878,17912.483284,47.752,1790439956.395109,56.58,42.79,0.0,1
1790457869.129,17912.733565,48.002,1790439956.395109,56.58,42.79,0.0,1
1790457869.379,17912.983445,48.252,1790439956.395108,56.58,42.79,0.0,1
1790457869.628,17913.23268,48.502,1790439956.395109,56.58,42.79,0.0,1
1790457869.88,17913.484825,48.754,1790439956.395109,56.58,42.79,0.0,1
1790457870.128,17913.732678,49.002,1790439956.395109,56.58,42.79,0.0,1
1790457870.378,17913.982548,49.251,1790439956.395109,56.58,42.79,0.0,1
1790457870.628,17914.232591,49.502,1790439956.395109,56.58,42.79,4.0,1
1790457870.878,17914.482478,49.751,1790439956.395108,56.58,42.79,0.0,1
1790457871.128,17914.733221,50.002,1790439956.395109,56.58,42.79,0.0,1
1790457871.378,17914.983357,50.252,1790439956.395109,56.58,42.79,0.0,1
1790457871.628,17915.232519,50.501,1790439956.395109,56.58,42.79,0.0,1
1790457871.879,17915.483495,50.752,1790439956.395108,56.58,42.79,0.0,1
1790457872.129,17915.73363,51.003,1790439956.395109,56.58,42.79,0.0,1
1790457872.379,17915.983655,51.253,1790439956.395108,56.58,42.79,0.0,1
1790457872.629,17916.233415,51.502,1790439956.395109,56.58,42.79,0.0,1
1790457872.879,17916.483489,51.752,1790439956.395108,56.58,42.79,0.0,1
1790457873.129,17916.733459,52.002,1790439956.395109,56.58,42.79,0.0,1
1790457873.378,17916.982398,52.251,1790439956.395108,56.58,42.79,0.0,1
1790457873.629,17917.233521,52.502,1790439956.395109,56.58,42.79,0.0,1
1790457873.879,17917.483467,52.752,1790439956.395109,56.58,42.79,0.0,1
1790457874.129,17917.733502,53.002,1790439956.395109,56.58,42.79,0.0,1
1790457874.378,17917.982617,53.252,1790439956.395109,56.58,42.79,0.0,1
1790457874.628,17918.233015,53.502,1790439956.395109,56.58,42.79,0.0,1
1790457874.879,17918.483635,53.753,1790439956.395109,56.58,42.79,0.0,1
1790457875.129,17918.733538,54.002,1790439956.395109,56.58,42.79,0.0,1
1790457875.379,17918.983714,54.253,1790439956.395109,56.58,42.79,0.0,1
1790457875.629,17919.233529,54.502,1790439956.395109,56.58,42.79,0.0,1
1790457875.878,17919.483342,54.752,1790439956.395109,56.58,42.79,0.0,1
1790457876.128,17919.733368,55.002,1790439956.395109,56.58,42.79,0.0,1
1790457876.378,17919.982486,55.251,1790439956.395109,56.58,42.79,4.0,1
1790457876.629,17920.233534,55.502,1790439956.395109,56.58,42.79,0.0,1
1790457876.879,17920.483719,55.753,1790439956.395109,56.58,42.79,0.0,1
1790457877.129,17920.733792,56.003,1790439956.395109,56.58,42.79,0.0,1
1790457877.378,17920.98307,56.252,1790439956.395109,56.58,42.79,0.0,1
1790457877.628,17921.233378,56.502,1790439956.395109,56.58,42.79,0.0,1
1790457877.878,17921.482707,56.752,1790439956.395108,56.58,42.79,0.0,1
1790457878.128,17921.732539,57.001,1790439956.395108,56.58,42.79,0.0,1
1790457878.378,17921.98265,57.252,1790439956.395109,56.58,42.79,0.0,1
1790457878.629,17922.233913,57.503,1790439956.395109,56.58,42.79,0.0,1
1790457878.878,17922.482432,57.751,1790439956.395109,56.58,42.79,0.0,1
1790457879.129,17922.73382,58.003,1790439956.395109,56.58,42.79,0.0,1
1790457879.378,17922.982831,58.252,1790439956.395109,56.58,42.79,0.0,1
1790457879.629,17923.233467,58.502,1790439956.395109,56.58,42.79,0.0,1
1790457879.878,17923.482974,58.752,1790439956.395109,56.58,42.79,0.0,1
1790457880.129,17923.733503,59.002,1790439956.395109,56.58,42.79,0.0,1
1790457880.379,17923.983764,59.253,1790439956.395109,56.58,42.79,0.0,1
1790457880.628,17924.232727,59.502,1790439956.395109,56.58,42.79,0.0,1
1790457880.879,17924.483695,59.753,1790439956.395109,56.58,42.79,0.0,1
1790457881.128,17924.732752,60.002,1790439956.395109,56.58,42.79,0.0,1
1790457881.379,17924.983571,60.252,1790439956.395109,56.58,42.79,0.0,1
1790457881.629,17925.233666,60.503,1790439956.395109,56.58,42.79,0.0,1
1790457881.879,17925.483735,60.753,1790439956.395109,56.58,42.8,0.0,1
1790457882.129,17925.733668,61.003,1790439956.395109,56.58,42.8,0.0,1
1790457882.379,17925.983551,61.252,1790439956.395109,56.58,42.8,0.0,1
1790457882.629,17926.233926,61.503,1790439956.395109,56.58,42.8,0.0,1
1790457882.879,17926.483598,61.753,1790439956.395109,56.58,42.8,0.0,1
1790457883.129,17926.733783,62.003,1790439956.395109,56.58,42.8,0.0,1
1790457883.378,17926.982429,62.251,1790439956.395109,56.58,42.8,0.0,1
1790457883.628,17927.23327,62.502,1790439956.395109,56.58,42.87,0.0,1
