start_ts,end_ts,start_mono,end_mono,response_time_ms,request_type,name,success,exception,response_length,user,http_status,stages_logged
1790462140.556245,1790462143.350988,22184.161135,22186.955879,2794.743,SSE,/api/inference/stream,True,,12,0,,
1790462140.835467,1790462146.138904,22184.440357,22189.743794,5303.437,SSE,/api/inference/stream,True,,12,1,,
1790462141.113661,1790462148.925483,22184.718552,22192.530374,7811.822,SSE,/api/inference/stream,True,,12,2,,
1790462141.391547,1790462151.709872,22184.996438,22195.314763,10318.325,SSE,/api/inference/stream,True,,12,3,,
1790462141.669017,1790462154.501345,22185.273908,22198.106236,12832.328,SSE,/api/inference/stream,True,,12,4,,
1790462141.94726,1790462157.288211,22185.552151,22200.893102,15340.951,SSE,/api/inference/stream,True,,12,5,,
1790462142.227096,1790462160.072863,22185.831986,22203.677754,17845.767,SSE,/api/inference/stream,True,,12,6,,
1790462142.504164,1790462162.863865,22186.109054,22206.468755,20359.701,SSE,/api/inference/stream,True,,12,7,,
1790462142.781731,1790462165.652975,22186.386622,22209.257865,22871.243,SSE,/api/inference/stream,True,,12,8,,
1790462143.062193,1790462168.441038,22186.667084,22212.045928,25378.844,SSE,/api/inference/stream,True,,12,9,,
1790462143.351382,1790462171.226189,22186.956272,22214.831079,27874.807,SSE,/api/inference/stream,True,,12,0,,
1790462146.139208,1790462174.016018,22189.744098,22217.620909,27876.811,SSE,/api/inference/stream,True,,12,1,,
1790462148.925677,1790462176.80105,22192.530567,22220.40594,27875.373,SSE,/api/inference/stream,True,,12,2,,
1790462151.71012,1790462179.58818,22195.315011,22223.193071,27878.06,SSE,/api/inference/stream,True,,12,3,,
1790462154.501567,1790462182.378144,22198.106458,22225.983034,27876.576,SSE,/api/inference/stream,True,,12,4,,
1790462157.288433,1790462185.163345,22200.893324,22228.768236,27874.912,SSE,/api/inference/stream,True,,12,5,,
1790462160.073091,1790462187.950063,22203.677982,22231.554954,27876.972,SSE,/api/inference/stream,True,,12,6,,
1790462162.864127,1790462190.741401,22206.469018,22234.346292,27877.274,SSE,/api/inference/stream,True,,12,7,,
1790462165.653176,1790462193.527992,22209.258066,22237.132883,27874.816,SSE,/api/inference/stream,True,,12,8,,
1790462168.441238,1790462196.318815,22212.046128,22239.923705,27877.577,SSE,/api/inference/stream,True,,12,9,,
1790462171.226453,1790462199.106591,22214.831344,22242.711482,27880.138,SSE,/api/inference/stream,True,,12,0,,
