timestamp,ttft_ms,tpot_ms,total_time_ms,token_count,success
1790531980.4239495,568.15,202.199,2792.516,12,True
1790531980.9993834,575.879,201.963,2810.441,12,True
1790531981.5625973,578.563,202.273,2815.88,12,True
1790531982.1186056,573.844,202.083,2814.678,12,True
1790531982.6765113,577.726,201.953,2815.318,12,True
1790531983.2137194,564.376,202.272,2789.523,12,True
1790531983.815359,576.98,201.878,2815.794,12,True
1790531984.379163,575.897,201.992,2816.412,12,True
1790531984.9075985,563.252,202.301,2788.702,12,True
1790531985.4656434,563.403,202.31,2788.957,12,True
1790531986.0025983,564.825,202.154,2788.659,12,True
1790531986.6044745,565.103,202.046,2788.852,12,True
1790531987.1691449,565.594,202.187,2789.8,12,True
1790531987.6973171,564.512,202.259,2789.518,12,True
1790531988.2558515,566.842,202.089,2789.971,12,True
1790531988.7944481,570.426,201.919,2791.665,12,True
1790531989.3957074,564.191,202.289,2790.96,12,True
1790531989.958418,565.369,202.145,2789.096,12,True
1790531990.4868858,564.678,202.144,2789.33,12,True
1790531991.0456517,566.382,202.041,2789.509,12,True
1790531991.58388,564.811,202.205,2789.234,12,True
1790531992.1860862,565.886,202.086,2790.113,12,True
1790531992.747052,565.975,202.031,2788.454,12,True
1790531993.276057,563.916,202.259,2788.949,12,True
1790531993.8339849,564.797,202.015,2788.122,12,True
1790531994.3733947,566.43,201.966,2789.267,12,True
1790531994.9751346,564.544,202.194,2788.857,12,True
1790531995.536053,564.985,202.147,2788.786,12,True
1790531996.0655766,563.885,202.166,2789.304,12,True
1790531996.6246817,565.183,202.207,2790.439,12,True
1790531997.1623917,566.572,201.94,2788.77,12,True
1790531997.7645137,564.686,202.111,2789.159,12,True
1790531998.3251827,563.865,202.18,2788.9,12,True
1790531998.885322,577.571,202.229,2819.567,12,True
1790531999.4137323,565.908,201.999,2788.817,12,True
1790531999.9510858,565.79,202.034,2788.489,12,True
1790532000.55401,565.503,202.079,2789.247,12,True
1790532001.1136954,564.084,202.122,2788.271,12,True
1790532001.6754146,565.158,202.234,2789.884,12,True
1790532002.2034297,566.344,202.091,2789.48,12,True
1790532002.7400641,565.318,202.115,2788.761,12,True
1790532003.342827,565.274,202.049,2788.605,12,True
1790532003.9338286,578.069,202.536,2819.951,12,True
1790532004.465037,563.696,202.203,2789.214,12,True
1790532005.0143697,575.951,201.892,2810.616,12,True
1790532005.5305321,564.74,202.174,2790.194,12,True
1790532006.1330657,565.844,202.041,2790.002,12,True
1790532006.7222452,564.586,202.136,2788.239,12,True
1790532007.2544408,565.642,202.07,2789.158,12,True
1790532007.8026912,564.922,202.099,2788.148,12,True
1790532008.3195994,566.845,201.975,2788.732,12,True
1790532008.923878,566.433,202.073,2790.565,12,True
1790532009.51092,565.824,201.985,2788.443,12,True
1790532010.0436037,566.375,201.913,2788.876,12,True
1790532010.5911932,566.376,201.981,2788.313,12,True
1790532011.1077101,565.352,201.952,2787.881,12,True
1790532011.7146575,565.112,202.195,2790.528,12,True
1790532012.2988818,567.197,201.831,2787.758,12,True
1790532012.8324132,565.514,202.004,2788.591,12,True
1790532013.3808563,566.139,202.02,2789.433,12,True
1790532013.8967876,566.043,202.062,2788.878,12,True
1790532014.5037358,564.271,202.15,2788.821,12,True
1790532015.0864484,563.184,202.186,2787.378,12,True
1790532015.6225057,566.109,202.148,2789.884,12,True
1790532016.1711166,566.001,202.169,2790.026,12,True
1790532016.6857417,565.642,202.024,2788.763,12,True
1790532017.2920456,566.201,201.972,2788.081,12,True
1790532017.8756921,565.519,202.056,2789.043,12,True
1790532018.4122972,566.172,202.111,2789.562,12,True
1790532018.960316,565.086,202.157,2788.954,12,True
1790532019.4747758,564.934,202.108,2788.801,12,True
1790532020.0814466,565.849,202.04,2789.172,12,True
1790532020.6650026,564.693,202.205,2789.11,12,True
1790532021.202177,565.341,202.19,2789.595,12,True
1790532021.7502623,565.728,202.169,2789.749,12,True
1790532022.263977,566.243,201.966,2788.956,12,True
1790532022.8699422,566.7,201.882,2788.3,12,True
1790532023.454423,564.269,202.228,2788.945,12,True
1790532023.9917822,565.198,202.185,2789.383,12,True
1790532024.538724,565.576,202.046,2788.206,12,True
1790532025.0517886,566.047,201.88,2787.595,12,True
1790532025.6595812,566.11,202.097,2789.321,12,True
1790532026.2439053,565.324,202.16,2789.258,12,True
1790532026.7821586,565.314,202.133,2790.169,12,True
1790532027.3276892,564.813,202.072,2788.74,12,True
1790532027.8412688,564.833,202.129,2789.284,12,True
1790532028.4488022,565.176,202.151,2788.988,12,True
1790532029.033375,565.334,202.056,2789.25,12,True
1790532029.5713365,565.773,202.029,2788.974,12,True
1790532030.1177137,565.44,202.201,2789.792,12,True
1790532030.6582038,574.695,202.448,2816.737,12,True
1790532031.238473,565.125,202.103,2789.452,12,True
1790532031.8226256,565.606,202.122,2789.071,12,True
1790532032.3604882,565.142,202.055,2788.822,12,True
1790532032.906147,564.303,202.088,2788.227,12,True
1790532033.4469914,564.252,202.199,2788.589,12,True
1790532034.0284207,565.41,202.186,2789.725,12,True
1790532034.6104624,564.495,202.024,2787.644,12,True
1790532035.1503992,565.181,202.114,2789.675,12,True
1790532035.697071,565.114,202.314,2790.72,12,True
1790532036.2358954,565.699,202.021,2788.693,12,True
1790532036.8184037,564.912,202.155,2789.772,12,True
1790532037.400494,564.614,202.277,2789.809,12,True
